event_id,lecturer_id,course_id,week_offset,day_offset,token_type,token_code,duration_minutes
EVT_000001,LEC_058,CRS_113,9,2,Material Creation,MAT,89.7
EVT_000002,LEC_045,CRS_403,14,1,Material Creation,MAT,30.1
EVT_000003,LEC_259,CRS_409,1,5,Material Creation,MAT,79.7
EVT_000004,LEC_215,CRS_213,15,5,Assignment Posting,ASN,105.0
EVT_000005,LEC_082,CRS_458,14,3,Assignment Posting,ASN,29.8
EVT_000006,LEC_173,CRS_153,3,4,Material Creation,MAT,102.5
EVT_000007,LEC_136,CRS_123,15,5,Material Creation,MAT,111.1
EVT_000008,LEC_041,CRS_383,10,7,Interactive Forum,FRM,106.8
EVT_000009,LEC_186,CRS_396,7,6,Material Creation,MAT,81.0
EVT_000010,LEC_149,CRS_141,8,7,Material Creation,MAT,37.0
EVT_000011,LEC_187,CRS_184,12,3,Material Creation,MAT,35.7
EVT_000012,LEC_037,CRS_412,6,5,Interactive Forum,FRM,23.8
EVT_000013,LEC_195,CRS_239,8,6,Assignment Posting,ASN,93.4
EVT_000014,LEC_029,CRS_218,2,7,Assignment Posting,ASN,35.8
EVT_000015,LEC_109,CRS_391,11,2,Interactive Forum,FRM,50.5
EVT_000016,LEC_235,CRS_174,9,2,Material Creation,MAT,69.6
EVT_000017,LEC_135,CRS_483,14,5,Assignment Posting,ASN,30.2
EVT_000018,LEC_071,CRS_361,16,1,Interactive Forum,FRM,104.0
EVT_000019,LEC_079,CRS_422,6,7,Interactive Forum,FRM,73.6
EVT_000020,LEC_198,CRS_296,15,5,Assignment Posting,ASN,68.6
EVT_000021,LEC_006,CRS_449,4,6,Grading Activity,GRD,91.4
EVT_000022,LEC_175,CRS_158,10,4,Material Creation,MAT,5.4
EVT_000023,LEC_135,CRS_357,6,5,Grading Activity,GRD,105.1
EVT_000024,LEC_153,CRS_428,7,2,Assignment Posting,ASN,23.6
EVT_000025,LEC_001,CRS_407,11,4,Material Creation,MAT,111.8
EVT_000026,LEC_158,CRS_223,2,2,Grading Activity,GRD,113.9
EVT_000027,LEC_044,CRS_475,16,7,Material Creation,MAT,92.5
EVT_000028,LEC_065,CRS_166,16,5,Material Creation,MAT,65.7
EVT_000029,LEC_217,CRS_209,7,6,Assignment Posting,ASN,119.4
EVT_000030,LEC_192,CRS_325,15,1,Material Creation,MAT,12.4
EVT_000031,LEC_011,CRS_402,8,5,Material Creation,MAT,13.2
EVT_000032,LEC_031,CRS_218,3,1,Grading Activity,GRD,13.1
EVT_000033,LEC_122,CRS_243,16,2,Quiz Creation,QZ,88.2
EVT_000034,LEC_243,CRS_225,16,7,Assignment Posting,ASN,15.8
EVT_000035,LEC_221,CRS_282,14,4,Quiz Creation,QZ,88.8
EVT_000036,LEC_051,CRS_132,13,6,Assignment Posting,ASN,104.1
EVT_000037,LEC_128,CRS_199,7,5,Assignment Posting,ASN,53.5
EVT_000038,LEC_143,CRS_337,8,7,Grading Activity,GRD,56.0
EVT_000039,LEC_051,CRS_126,1,1,Grading Activity,GRD,102.6
EVT_000040,LEC_086,CRS_309,16,4,Material Creation,MAT,51.1
EVT_000041,LEC_031,CRS_185,13,1,Announcement,ANC,35.5
EVT_000042,LEC_233,CRS_247,14,6,Announcement,ANC,119.5
EVT_000043,LEC_250,CRS_180,7,3,Material Creation,MAT,11.7
EVT_000044,LEC_032,CRS_483,11,1,Material Creation,MAT,59.8
EVT_000045,LEC_081,CRS_130,3,7,Material Creation,MAT,73.4
EVT_000046,LEC_121,CRS_307,4,5,Material Creation,MAT,73.4
EVT_000047,LEC_042,CRS_315,11,3,Material Creation,MAT,87.4
EVT_000048,LEC_123,CRS_236,13,2,Interactive Forum,FRM,39.5
EVT_000049,LEC_162,CRS_485,3,1,Quiz Creation,QZ,119.8
EVT_000050,LEC_052,CRS_138,7,5,Assignment Posting,ASN,112.3
EVT_000051,LEC_036,CRS_226,12,3,Material Creation,MAT,100.9
EVT_000052,LEC_155,CRS_414,1,6,Grading Activity,GRD,39.4
EVT_000053,LEC_054,CRS_169,9,1,Grading Activity,GRD,90.4
EVT_000054,LEC_080,CRS_240,10,5,Material Creation,MAT,44.4
EVT_000055,LEC_136,CRS_359,16,3,Grading Activity,GRD,102.3
EVT_000056,LEC_048,CRS_425,14,7,Assignment Posting,ASN,5.4
EVT_000057,LEC_067,CRS_427,9,2,Interactive Forum,FRM,68.4
EVT_000058,LEC_219,CRS_388,1,1,Material Creation,MAT,106.6
EVT_000059,LEC_077,CRS_380,2,7,Assignment Posting,ASN,68.5
EVT_000060,LEC_221,CRS_166,2,3,Assignment Posting,ASN,112.3
EVT_000061,LEC_021,CRS_284,7,6,Material Creation,MAT,16.8
EVT_000062,LEC_209,CRS_418,5,2,Grading Activity,GRD,117.3
EVT_000063,LEC_091,CRS_312,1,2,Interactive Forum,FRM,43.2
EVT_000064,LEC_211,CRS_443,8,3,Material Creation,MAT,85.6
EVT_000065,LEC_196,CRS_120,16,2,Material Creation,MAT,110.6
EVT_000066,LEC_180,CRS_257,8,2,Material Creation,MAT,27.2
EVT_000067,LEC_169,CRS_243,3,7,Assignment Posting,ASN,78.8
EVT_000068,LEC_205,CRS_448,11,1,Material Creation,MAT,116.6
EVT_000069,LEC_092,CRS_398,9,1,Material Creation,MAT,55.0
EVT_000070,LEC_161,CRS_324,4,4,Grading Activity,GRD,26.9
EVT_000071,LEC_023,CRS_463,14,1,Quiz Creation,QZ,97.7
EVT_000072,LEC_101,CRS_287,14,1,Grading Activity,GRD,110.9
EVT_000073,LEC_161,CRS_440,4,6,Grading Activity,GRD,63.3
EVT_000074,LEC_210,CRS_268,13,6,Assignment Posting,ASN,19.6
EVT_000075,LEC_216,CRS_441,13,6,Interactive Forum,FRM,25.0
EVT_000076,LEC_155,CRS_308,1,3,Assignment Posting,ASN,54.4
EVT_000077,LEC_165,CRS_339,15,4,Interactive Forum,FRM,63.8
EVT_000078,LEC_087,CRS_438,3,3,Quiz Creation,QZ,77.8
EVT_000079,LEC_172,CRS_148,8,6,Assignment Posting,ASN,97.8
EVT_000080,LEC_076,CRS_113,2,2,Announcement,ANC,75.3
EVT_000081,LEC_038,CRS_334,14,6,Quiz Creation,QZ,87.6
EVT_000082,LEC_197,CRS_354,13,2,Material Creation,MAT,84.1
EVT_000083,LEC_055,CRS_499,14,2,Material Creation,MAT,115.2
EVT_000084,LEC_238,CRS_126,8,7,Material Creation,MAT,20.3
EVT_000085,LEC_238,CRS_442,11,7,Grading Activity,GRD,75.5
EVT_000086,LEC_259,CRS_319,15,2,Interactive Forum,FRM,59.6
EVT_000087,LEC_133,CRS_485,8,7,Interactive Forum,FRM,93.1
EVT_000088,LEC_249,CRS_421,8,3,Assignment Posting,ASN,87.1
EVT_000089,LEC_121,CRS_240,11,3,Grading Activity,GRD,14.3
EVT_000090,LEC_078,CRS_219,13,6,Material Creation,MAT,29.6
EVT_000091,LEC_213,CRS_309,11,5,Quiz Creation,QZ,12.2
EVT_000092,LEC_216,CRS_300,1,7,Grading Activity,GRD,71.2
EVT_000093,LEC_245,CRS_104,12,3,Interactive Forum,FRM,103.1
EVT_000094,LEC_215,CRS_376,8,4,Material Creation,MAT,55.1
EVT_000095,LEC_015,CRS_300,11,6,Interactive Forum,FRM,51.5
EVT_000096,LEC_085,CRS_340,5,5,Quiz Creation,QZ,109.3
EVT_000097,LEC_014,CRS_143,14,2,Grading Activity,GRD,25.9
EVT_000098,LEC_134,CRS_295,11,2,Quiz Creation,QZ,43.8
EVT_000099,LEC_195,CRS_243,14,3,Grading Activity,GRD,59.1
EVT_000100,LEC_027,CRS_280,8,6,Material Creation,MAT,115.1
